A013720,청보산업
A091270,유디피
A225190,삼양옵틱스
A001890,영창뮤직
A196300,애니젠
A086250,화신테크
A006380,카프로
A138690,엘아이에스
A009290,광동제약
A017550,수산중공업
A005180,빙그레
A049120,파인디앤씨
A060720,KH바텍
A025560,미래산업
A210540,디와이파워
A021880,메이슨캐피탈
A009835,한화케미칼우
A183350,엘피케이
A048550,SM C&C
A140660,위월드
A041460,한국전자인증
A001520,동양
A095300,엔에스브이
A053580,웹케시
A068760,셀트리온제약
A011560,세보엠이씨
A084680,이월드
A003060,에이프로젠제약
A214870,에치디프로
A039830,오로라
A011230,삼화전자
A032860,GMR 머티리얼즈
A032850,비트컴퓨터
A051980,넥스트바이오홀딩스
A049770,동원F&B
A011200,현대상선
A035620,바른손이앤에이
A126560,현대에이치씨엔
A036690,코맥스
A176560,포인트엔지니어링
A207760,미스터블루
A151860,KG ETS
J52C331,미래C331NC소프트콜
A037640,지에스엔텍
A005745,크라운해태홀딩스우
A035810,이지바이오
A044060,조광ILI
A006220,제주은행
A066910,손오공
A021240,코웨이
A088290,이원컴포텍
A154040,솔루에타
A131220,대한과학
A094840,슈프리마에이치큐
A263720,디앤씨미디어
A010640,진양폴리
A120115,코오롱인더우
A010130,고려아연
A095570,AJ네트웍스
A005290,동진쎄미켐
A003850,보령제약
A119850,지엔씨에너지
A004150,한솔홀딩스
A000590,CS홀딩스
A002820,선창산업
A000075,삼양홀딩스우
A227840,현대코퍼레이션홀딩스
A066310,큐에스아이
A181710,NHN엔터테인먼트
J50C230,신한C230KOSPI200풋
A001510,SK증권
A040870,파이널데이터
A038950,파인디지털
A114450,KPX생명과학
A006800,미래에셋대우
A053590,한국테크놀로지
A117700,KODEX 건설
A084370,유진테크
A099340,하나니켈1호
J50C196,신한C196KOSPI200콜
A054210,이랜텍
A005420,코스모화학
A000850,화천기공
A013520,화승알앤에이
A039290,인포뱅크
A008355,남선알미우
A131400,액트
J50C197,신한C197KOSPI200콜
J50C325,신한C325KOSPI200풋
A034300,신세계건설
A001720,신영증권
A089850,유비벨록스
A010420,한솔PNS
A005385,현대차우
A241820,피씨엘
A000250,삼천당제약
A011320,유니크
A225850,미애부
A007150,동양텔레콤
A004770,써니전자
A267260,현대일렉트릭
A042380,세메스
A115160,휴맥스
A053290,능률교육
A208370,셀바스헬스케어
A006125,SK케미칼우
A024740,한일단조
J50C247,신한C247KOSPI200콜
A102110,TIGER 200
A063570,한국전자금융
A014910,성문전자
A141080,레고켐바이오
A067770,세진티에스
A052770,와이디온라인
A040420,정상제이엘에스
A117460,KODEX 에너지화학
A002355,넥센타이어1우B
A001230,동국제강
A108320,실리콘웍스
A228810,TIGER 미디어컨텐츠
A026940,부국철강
A130660,한전산업
A036480,대성미생물
A002920,유성기업
A099440,스맥
A027710,팜스토리
A021820,세원정공
A101330,모베이스
A063080,게임빌
A194370,제이에스코퍼레이션
J50C208,신한C208KOSPI200콜
A101530,해태제과식품
A031390,녹십자셀
A006340,대원전선
A090850,이지웰페어
A049470,SGA
A018880,한온시스템
A269420,KODEX S&P글로벌인프라(합성)
A152380,KODEX 국채선물10년
A037330,인지디스플레
A050540,한국코퍼레이션
A070960,용평리조트
A093920,서원인텍
A090740,연이정보통신
A252500,IBKS지엠비스팩
A013870,지엠비코리아
A086900,메디톡스
A183490,엔지켐생명과학
A248170,샘표식품
J50C267,신한C267KOSPI200풋
A181340,이즈미디어
A261060,TIGER 코스닥150IT
A101670,코리아에스이
J50C285,신한C285KOSPI200콜
J50C262,신한C262KOSPI200풋
A178920,SKC코오롱PI
A208850,이비테크
A217780,TIGER 차이나CSI300인버스(합성)
A225440,이베스트스팩3호
A023430,아이이
A117670,알파홀딩스
A215570,크로넥스
A065060,지엔코
A012170,키위미디어그룹
A140670,알에스오토메이션
A139670,넥스트리밍
A085310,엔케이
A017890,한국알콜
A015360,예스코
A155660,DSR
A241520,DSC인베스트먼트
A002630,오리엔트바이오
A215360,우리산업
A002710,TCC동양
A131100,리켐
A004360,세방
A122350,삼기오토모티브
A104230,LS전선
A163560,동일고무벨트
A275300,KODEX MSCI퀄리티
A093240,형지엘리트
A007630,암니스
A109960,에이프로젠 H&G
A015350,부산가스
A079810,디이엔티
A024880,케이피에프
A009155,삼성전기우
A014970,삼륭물산
A001790,대한제당
A218150,하나머스트5호스팩
A053050,지에스이
A016590,신대양제지
A225530,보광산업
A225220,제놀루션
A234070,에이원알폼
A042110,에스씨디
A100120,뷰웍스
A236340,메디젠휴먼케어
A008250,이건산업
A037370,EG
A001800,오리온홀딩스
A134060,이퓨쳐
A008560,메리츠종금증권
A008120,엠소닉
J50C218,신한C218KOSPI200풋
A035900,JYP Ent.
A140890,트러스제7호
A015020,이스타코
J50C190,신한C190KOSPI200콜
J50C216,신한C216KOSPI200풋
A243890,TIGER 200에너지화학레버리지
A040910,아이씨디
A104480,티케이케미칼
A048410,현대아이비티
A008060,대덕전자
A198440,고려시멘트
J50C287,신한C287KOSPI200콜
J50C239,신한C239KOSPI200콜
A010060,OCI
A005257,녹십자홀딩스2우
A096775,SK이노베이션우
A031330,에스에이엠티
A030350,드래곤플라이
A261260,KODEX 미국달러선물인버스2X
A241390,KBSTAR V&S셀렉트밸류채권혼합
A008700,아남전자
J50C322,신한C322KOSPI200풋
A001340,백광산업
A222670,플럼라인생명과학
A266170,뿌리깊은나무들
A078060,매일방송
A086390,유니테스트
A263190,ARIRANG 단기우량채권
A007210,벽산
A150840,인트로메딕
A190410,LS아이앤디
A006260,LS
A090355,노루페인트우
A223190,KODEX 200가치저변동
A003200,일신방직
A160550,NEW
A024660,하림홀딩스
A189400,ARIRANG 글로벌MSCI(합성 H)
A162120,루켄테크놀러지스
A039030,이오테크닉스
A039860,나노엔텍
A003620,쌍용차
A044450,KSS해운
A014790,한라
A199800,툴젠
A145270,케이탑리츠
A217820,엔에스
A196490,디에이테크놀로지
A084695,대상홀딩스우
A035420,NAVER
A037400,우리조명
J50C252,신한C252KOSPI200콜
A036010,아비코전자
A121440,골프존뉴딘
J50C289,신한C289KOSPI200콜
A112190,KC산업
A003260,서광
J50C226,신한C226KOSPI200풋
A126870,뉴로스
A216400,바이오코아
A036260,이매진아시아
A110030,완도전복
J50C238,신한C238KOSPI200콜
A224760,엔에스컴퍼니
A005720,넥센
A089230,THE E&M
A092200,디아이씨
A049480,오픈베이스
A192720,파워 고배당저변동성
A001390,KG케미칼
A083650,비에이치아이
A104540,코렌텍
A073070,넥센테크
A066400,HANATOURIST
A089010,켐트로닉스
J50C273,신한C273KOSPI200풋
A039010,현대통신
A094820,일진파워
A123700,SJM
A114190,웰크론강원
A000430,대원강업
A000980,극동건설
A212310,휴벡셀
A208470,SMART 선진국MSCI World(합성 H)
A024810,이화전기
A003075,코오롱글로벌우
A024060,흥구석유
A023810,인팩
A030720,동원수산
A023440,제일제강
A155900,바다로19호
A006040,동원산업
A006345,대원전선우
A002030,아세아
J50C303,신한C303KOSPI200풋
A244580,KODEX 바이오
A160600,에스엔텍
A081660,휠라코리아
A025100,포스코건설
A005387,현대차2우B
A273130,KODEX 종합채권(AA-이상)액티브
A013120,동원개발
A200020,KODEX 미국S&P IT(합성)
A072470,우리산업홀딩스
A168570,산타크루즈
A026710,동진건설
A083370,동북아12호
A220250,카이노스메드
A067310,하나마이크론
A039490,키움증권
A030200,KT
A065180,해피드림
A034730,SK
A258790,케이비제11호스팩
A140950,파워 코스피100
A214430,아이쓰리시스템
A161990,삼보컴퓨터
A035200,프럼파스트
A043260,성호전자
A030210,KTB투자증권
A017900,광전자
A004020,현대제철
A122800,썬텍
A138230,KOSEF 미국달러선물
A009520,포스코엠텍
A266420,KODEX 헬스케어
A031430,신세계인터내셔날
A075970,동국알앤에스
A010090,이마트에브리데이
A250000,보라티알
A013000,세우글로벌
A139320,TIGER 금은선물(H)
A003240,태광산업
A065690,대진디엠피
J52C422,미래C422POSCO풋
A108230,톱텍
A114630,우노앤컴퍼니
A001770,신화실업
A053030,바이넥스
A036000,예림당
A265480,미래에셋대우스팩1호
A006805,미래에셋대우우
A074600,원익QnC
A004720,우리들제약
A102950,아하정보통신
A078890,가온미디어
A131370,알서포트
A030010,하이투자증권
J50C268,신한C268KOSPI200풋
A011080,형지I&C
A000060,메리츠화재
A028080,휴맥스홀딩스
A109070,KGP
A049520,유아이엘
A093190,빅솔론
A004450,삼화왕관
A023910,대한약품
A012450,한화테크윈
A098560,TIGER 방송통신
A096350,대창솔루션
A004835,덕성우
A123320,TIGER 레버리지
A068270,셀트리온
A065680,우주일렉트로
A083660,CSA 코스믹
A003465,유화증권우
A215090,유진에이씨피씨스팩2호
A005945,NH투자증권우
A024830,세원물산
A017650,대림제지
J50C324,신한C324KOSPI200풋
A196220,KBSTAR 일본TOPIX레버리지(H)
A168490,한국패러랠
A123840,한일진공
A238720,KINDEX 일본Nikkei225(H)
A039310,세중
A007860,서연
A060150,인선이엔티
A035480,마제스타
A182690,테라셈
A046940,우원개발
A065510,휴비츠
A225650,쿠첸
A087220,스틸플라워
A139310,TIGER 금속선물(H)
A033790,서화정보통신
A127710,아시아경제
A048530,인트론바이오
A001250,GS글로벌
A226320,잇츠한불
A104830,원익머트리얼즈
A011930,신성이엔지
A014440,영보화학
A095700,제넥신
A082850,우리이티아이
A056090,유앤아이
A045390,대아티아이
A207720,엔에이치SL스팩
A100090,삼강엠앤티
A086520,에코프로
A039740,한국정보공학
A253280,KBSTAR 헬스케어
A033780,KT&G
A244880,나눔테크
A080220,제주반도체
A035460,기산텔레콤
A033290,코웰패션
J50C282,신한C282KOSPI200콜
A002320,한진
A039790,위노바
A014710,사조씨푸드
A272580,TIGER 단기채권액티브
J50C276,신한C276KOSPI200풋
J50C271,신한C271KOSPI200풋
A005725,넥센우
A234310,KBSTAR V&S셀렉트밸류
A200050,KODEX 독일MSCI(합성)
A035000,지투알
A123690,한국화장품
A009140,경인전자
A214180,민앤지
A217500,하이제3호스팩
A018310,삼목에스폼
A019660,글로본
A200040,KODEX 미국S&P금융(합성)
A082270,젬백스
A153460,네이블
A001000,신라섬유
A016670,포비스티앤씨
A054300,팬스타엔터프라이즈
J52C395,미래C395SK하이닉풋
A012690,모나리자
A253150,ARIRANG 200선물레버리지
A026180,현대정보기술
A032620,유비케어
A035150,백산
A036120,SCI평가정보
J50C222,신한C222KOSPI200풋
A005820,원림
A131890,KINDEX 삼성그룹동일가중
J50C227,신한C227KOSPI200풋
A060230,이그잭스
A010145,삼성중공우
A026910,광진실업
A013310,아진산업
A104040,대성파인텍
A030190,NICE평가정보
A033640,네패스
A043370,평화정공
A059100,아이컴포넌트
A065650,메디프론
A050960,수산아이앤티
A057880,토필드
A013890,지누스
A043710,서울리거
A083640,인콘
A074430,아미노로직스
A073010,케이에스피
A012800,대창
A072520,태양씨앤엘
A043650,국순당
A052220,iMBC
A007530,영신금속
A090710,디에스티로봇
J50C293,신한C293KOSPI200콜
A001970,SG신성건설
A054050,농우바이오
A000327,노루홀딩스2우B
A052600,한네트
A200580,메디쎄이
A084110,휴온스글로벌
A157520,TIGER 화학
A093320,케이아이엔엑스
A195990,유지인트
A004560,현대비앤지스틸
A066670,디스플레이텍
J50C242,신한C242KOSPI200콜
A033030,지오엠씨
A090370,아비스타
A002900,동양물산
A002420,세기상사
A005710,대원산업
A015260,에이엔피
A102960,KODEX 기계장비
A148140,비디아이
A228800,TIGER 여행레저
A134790,팀스
A006060,화승인더
A126600,코프라
A037950,엘컴텍
A004690,삼천리
A035290,에이원앤
A227830,ARIRANG 코스피
A261240,KODEX 미국달러선물
A004100,태양금속
A142210,유니트론텍
A008370,원풍
A008930,한미사이언스
A256450,ARIRANG 심천차이넥스트(합성)
A051910,LG화학
A267320,교보7호스팩
J50C298,신한C298KOSPI200콜
A000080,하이트진로
A013990,아가방컴퍼니
A023530,롯데쇼핑
A002020,코오롱
A010050,우리종금
A123750,알톤스포츠
A145020,휴젤
A06276L,코스텍3우
A036930,주성엔지니어링
A218410,엔에이치스팩8호
A200710,에이디테크놀로지
J50C257,신한C257KOSPI200풋
A030520,한글과컴퓨터
A002230,피에스텍
A260490,캐로스
A002150,도화엔지니어링
J50C295,신한C295KOSPI200콜
A170790,파이오링크
A016600,큐캐피탈
A100130,동국S&C
A192250,케이사인
A009310,참엔지니어링
A900280,골든센츄리
A002470,신영건설
A267450,KBSTAR 미국장기국채선물인버스(H)
J50C307,신한C307KOSPI200풋
A051600,한전KPS
A014160,대영포장
A034310,NICE
A001740,SK네트웍스
A227610,아우딘퓨쳐스
A900040,차이나그레이트
A016385,동부제철우
J50C281,신한C281KOSPI200콜
J50C311,신한C311KOSPI200풋
A004135,대덕GDS우
A051780,큐로홀딩스
A004090,한국석유
A107590,미원홀딩스
A102210,해덕파워웨이
A184560,동화엠파크홀
A204420,ARIRANG 차이나H 레버리지(합성 H)
A102120,어보브반도체
A018260,삼성에스디에스
A078600,대주전자재료
A071320,지역난방공사
A252410,KBSTAR 200선물인버스
J50C243,신한C243KOSPI200콜
A230360,에코마케팅
A078130,국일제지
A003070,코오롱글로벌
A049720,고려신용정보
A068420,엔터미디어
A129050,앤알커뮤니
A099320,쎄트렉아이
A097870,효성오앤비
A217790,TIGER 가격조정
A003310,대주산업
A060980,한라홀딩스
A033920,무학
A032820,우리기술
A226810,파워 단기채
A101140,아티스
A036570,엔씨소프트
A066900,디에이피
A061250,화일약품
A065440,이루온
A229720,KODEX KTOP30
A014200,광림
A005880,대한해운
A020000,한섬
A031690,케이티파워텔
A161490,ARIRANG 경기방어주
A222180,ARIRANG 스마트베타 Value
A014280,금강공업
A132030,KODEX 골드선물(H)
A052300,W홀딩컴퍼니
A006980,우성사료
A263770,신영스팩3호
A015750,성우하이텍
A044820,코스맥스비티아이
A192530,광주은행
A023460,CNH
J50C224,신한C224KOSPI200풋
A002005,한국유리우
A041930,동아화성
A166400,TIGER 200커버드콜5%OTM
A001140,국보
A041440,에버다임
A011810,STX
A008350,남선알미늄
A001620,동국실업
A016740,두올
A225800,KOSEF 미국달러선물 레버리지(합성)
A007610,선도전기
A032640,LG유플러스
A227950,골든브릿지제4호스팩
A213630,ARIRANG 미국다우존스고배당주(합성 H)
A081000,일진다이아
A011330,유니켐
A000210,대림산업
A000040,KR모터스
A267980,매일유업
A096770,SK이노베이션
A104530,KOSEF 고배당
J52C427,미래C427현대제철콜
A238670,ARIRANG 스마트베타Quality채권혼합
A204210,모두투어리츠
A066980,브레인콘텐츠
A121060,유니포인트
A049080,기가레인
A084180,수성
A054410,케이피티
A014820,동원시스템즈
A085980,세화피앤씨
A026890,디피씨
A102260,동성코퍼레이션
A241690,유니테크노
A056730,포스링크
A000500,가온전선
A053980,오상자이엘
A006910,보성파워텍
A046390,삼화네트웍스
A053350,이니텍
A023160,태광
A032685,소프트센우
A101060,SBS미디어홀딩스
A083790,크리스탈
A005860,한일사료
A211560,TIGER 배당성장
A006920,모헨즈
A010040,한국내화
A078940,일경산업개발
A082660,삼우엠스
A217770,TIGER 원유선물인버스(H)
A138290,지성이씨에스
A053690,한미글로벌
A043910,자연과환경
A060280,큐렉소
A061610,투에버
A050890,쏠리드
A273140,KODEX 단기변동금리부채권액티브
A092230,KPX홀딩스
A001420,태원물산
A105550,트루윈
A024890,대원화성
A002300,한국제지
A073540,에프알텍
A200130,콜마비앤에이치
A227420,오백볼트
A001120,LG상사
A046140,SBS콘텐츠허브
A264450,유비쿼스
A226490,KODEX 코스피
A246830,시냅스엠
A005800,신영와코루
A019210,와이지-원
A098120,마이크로컨텍솔
A002250,알보젠코리아
A226350,아이엠텍
A235090,씨케이컴퍼니
A047560,이스트소프트
A036460,한국가스공사
A142760,바이오리더스
A072990,에이치시티
A019570,제미니투자
A066700,테라젠이텍스
A015590,대경기계
A105840,우진
A000950,전방
A153130,KODEX 단기채권
A269530,ARIRANG S&P글로벌인프라
A034120,SBS
A042660,대우조선해양
A029960,코엔텍
A091090,세원셀론텍
A036540,SFA반도체
A011690,유양디앤유
A000087,하이트진로2우B
A025620,제이준코스메틱
A071280,로체시스템즈
A065160,에프티이앤이
A063160,종근당바이오
A087010,펩트론
A211260,KINDEX 배당성장
A139250,TIGER 200 에너지화학
A014620,성광벤드
J50C221,신한C221KOSPI200풋
A085670,뉴프렉스
A270810,KBSTAR 코스닥150
A088980,맥쿼리인프라
A149010,아이케이세미콘
A007770,한일화학
A000300,대유플러스
J50C236,신한C236KOSPI200콜
A270660,에브리봇
A066790,씨씨에스
A029530,신도리코
A243880,TIGER 200IT레버리지
A170350,TIGER 베타플러스
A275750,KBSTAR 코스닥150선물인버스
A058430,포스코강판
J50C326,신한C326KOSPI200풋
A011210,현대위아
A043090,팜스웰바이오
A215000,골프존
A256840,엔에이치스팩11호
A101170,우림기계
A237010,끄렘드라끄렘
A036800,나이스정보통신
A003220,대원제약
A017670,SK텔레콤
A064290,인텍플러스
A219580,골든브릿지제3호스팩
A019175,신풍제약우
A036030,KTH
A040300,YTN
A06276K,코스텍2우
A002800,신신제약
A006110,삼아알미늄
A003555,LG우
A177350,베셀
J50C274,신한C274KOSPI200풋
A032080,아즈텍WB
A120240,대정화금
A086460,에스엔피제네틱스
A084990,바이로메드
A024120,KB오토시스
A265520,AP시스템
A096870,엘디티
A032830,삼성생명
A141240,ARIRANG 코스피100동일가중
A001490,천지산업
A044380,주연테크
A002870,신풍제지
A001040,CJ
A003520,영진약품
A003920,남양유업
A093520,매커스
A034020,두산중공업
A003680,한성기업
A023350,한국종합기술
A219420,링크제니시스
A073560,우리손에프앤지
A271560,오리온
A009190,대양금속
A087600,픽셀플러스
A000680,LS네트웍스
A143860,TIGER 헬스케어
A083310,엘오티베큠
A101280,KODEX 일본TOPIX100
A103660,씨앗
A049180,셀루메드
A032940,원익
A000880,한화
A196700,웹스
J50C306,신한C306KOSPI200풋
A258250,피시피아비아이티
A109610,에스와이패널
A900090,차이나하오란
A001940,KISCO홀딩스
A190620,KINDEX 단기통안채
A269540,ARIRANG 미국S&P500(H)
A271060,KODEX 3대농산물선물(H)
A002700,신일산업
A204480,TIGER 차이나CSI300레버리지(합성)
A123310,TIGER 인버스
A030530,원익홀딩스
A950110,SBI핀테크솔루션즈
A011150,CJ씨푸드
A272570,KBSTAR 중장기국공채액티브
A214150,케이티비스팩2호
A004080,신흥
A040470,코리아2000
A065620,제낙스
A045660,에이텍
A232830,시큐센
A012160,영흥철강
J52C434,미래C434호텔신라콜
A052260,SK바이오랜드
A000700,유수홀딩스
A079660,사조해표
A090410,덕신하우징
A066110,한프
A034220,LG디스플레이
A009470,삼화전기
J50C254,신한C254KOSPI200콜
J50C272,신한C272KOSPI200풋
A237750,피앤씨테크
A007160,사조산업
A023800,인지컨트롤스
A037030,파워넷
A016090,대현
A000990,동부하이텍
J50C305,신한C305KOSPI200풋
J50C261,신한C261KOSPI200풋
A176750,듀켐바이오
A019490,하이트론
A001560,제일연마
A204630,화이브라더스코리아
A001260,남광토건
A092460,한라IMS
A133750,메가엠디
A052510,에코솔루션
A114750,YD생명과학
A094800,맵스리얼티1
A013570,디와이
A222810,닉스테크
A226610,한국비엔씨
A002480,범양사
J50C244,신한C244KOSPI200콜
A139220,TIGER 200 건설
A076610,해성옵틱스
A012330,현대모비스
A014470,부방
A271980,제일약품
A185490,아이진
A101390,아이엠
A067000,조이시티
A023450,동남합성
A033050,제이엠아이
A276650,KBSTAR 글로벌4차산업IT(합성 H)
A004540,깨끗한나라
A020920,코리아로터리
A089980,상아프론테크
A219900,KINDEX 중국본토CSI300레버리지(합성)
A019550,SBI인베스트먼트
A069410,엔텔스
J52C324,미래C324신한지주콜
A037890,에어미디어
A256940,케이피에스
A136540,윈스
A008870,금비
A002450,삼익악기
A078020,이베스트투자증권
J50C195,신한C195KOSPI200콜
A042420,네오위즈홀딩스
A900270,헝셩그룹
A060560,홈센타홀딩스
A215750,미래에셋제3호스팩
J50C245,신한C245KOSPI200콜
A006660,삼성공조
A101930,인화정공
A192090,TIGER 차이나CSI300
A099220,SDN
A080520,오디텍
A071950,코아스
A000815,삼성화재우
J52C396,미래C396현대차콜
A214330,금호에이치티
A177830,파버나인
A002880,대유에이텍
A152280,KOSEF 200 선물
A141070,맥스로텍
A071200,인피니트헬스케어
A066970,엘앤에프
A042510,라온시큐어
A261200,하나금융9호스팩
A005030,부산주공
A032790,엠젠플러스
A039420,케이엘넷
J50C187,신한C187KOSPI200콜
A000660,SK하이닉스
A253160,ARIRANG 200선물인버스2X
A069080,웹젠
A009680,모토닉
A078935,GS우
A005305,롯데칠성우
A004920,씨아이테크
A080000,에스엔유
A008800,행남생활건강
A256630,엔에이치스팩10호
A03473K,SK우
A019010,그랜드백화점
A039200,오스코텍
J50C321,신한C321KOSPI200풋
A256440,KINDEX 인도네시아MSCI(합성)
A237350,KODEX 코스피100
A001275,부국증권우
A016880,웅진
J50C300,신한C300KOSPI200콜
A000325,노루홀딩스우
A011700,한신기계
A033200,모아텍
A001380,SG충방
A066620,국보디자인
A006890,태경화학
A253990,TIGER 대만TAIEX선물(H)
A024950,삼천리자전거
A054450,텔레칩스
A053450,세코닉스
A131970,테스나
A039020,이건홀딩스
A105740,디케이락
A244670,KODEX 밸류Plus
A043880,SK텔링크
A036090,위지트
A054180,중앙오션
A191420,테고사이언스
A058970,엠로
A196230,KBSTAR 단기통안채
A134380,미원화학
A001450,현대해상
A085910,네오티스
A267270,현대건설기계
J50C296,신한C296KOSPI200콜
J50C255,신한C255KOSPI200콜
A036630,세종텔레콤
A010780,아이에스동서
A271400,알로이스
A024850,피에스엠씨
A002760,보락
A032750,삼진
A083470,KJ프리텍
A094170,동운아나텍
A054800,아이디스홀딩스
J50C315,신한C315KOSPI200풋
A070300,한솔시큐어
A025770,한국정보통신
A251600,ARIRANG 고배당주채권혼합
A167860,KOSEF 국고채10년레버리지
A067390,아스트
A145210,세화아이엠씨
A245030,스페이스솔루션
A189860,서전기전
A247790,KODEX 성장투자
A203690,프로스테믹스
A130960,CJ E&M
A228180,티씨엠생명과학
A000145,하이트진로홀딩스우
A045300,성우테크론
A016170,로엔
A155650,와이엠씨
A010660,화천기계
A217190,제너셈
A137930,마이다스 200커버드콜5%OTM
A004430,송원산업
A095340,ISC
A069260,휴켐스
J50C219,신한C219KOSPI200풋
A213420,덕산네오룩스
A190150,ARIRANG 바벨 채권
A004987,성신양회2우B
A091180,KODEX 자동차
A138610,나이벡
A199870,세기리텍
A043150,바텍
A022220,정산애강
A053260,금강철강
A064550,바이오니아
A023760,한국캐피탈
A018290,지엠피
A037710,광주신세계
A201490,미투온
A229640,LS전선아시아
A069510,에스텍
A266160,KBSTAR 고배당
A138080,오이솔루션
A088910,동우팜투테이블
A150440,피노텍
A090435,아모레퍼시픽우
A001795,대한제당우
A161390,한국타이어
J50C215,신한C215KOSPI200풋
A200230,텔콘
A046400,디브이에스코리아
A149940,모다
A276970,KODEX 미국S&P고배당커버드콜(합성 H)
A144510,녹십자랩셀
A069460,대호에이엘
A002790,아모레G
A053800,안랩
J50C211,신한C211KOSPI200풋
A019990,에너토크
A251370,와이엠티
A009180,한솔로지스틱스
A079180,내일신문
A058850,KTcs
A086060,진바이오텍
A052900,KMH하이텍
A266370,KODEX IT하드웨어
A030950,보진재
A131090,시큐브
A025950,동신건설
A005300,롯데칠성
A131030,디에이치피코리아
A114090,GKL
A066190,삼중테크
A199290,바이오프로테크
A121850,코이즈
A038710,콜마파마
A053280,예스24
A041910,에스텍파마
A023770,플레이위드
A001525,동양우
A215620,흥국 S&P코리아로우볼
A027040,서울전자통신
A004170,신세계
A240540,한국4호스팩
A101910,동부메탈
A017000,신원종합개발
A079160,CJ CGV
J50C317,신한C317KOSPI200풋
A218420,KODEX 미국S&P에너지(합성)
A007330,푸른저축은행
A002795,아모레G우
A096640,멜파스
A238120,로고스바이오
A021045,대호피앤씨우
A067830,세이브존I&C
A009770,삼정펄프
A039230,폭스브레인
A073490,이노와이어리스
A203450,유니온커뮤니티
A214390,경보제약
A058420,제이웨이
A031510,오스템
A121800,비덴트
A256090,패션플랫폼
A103230,에스앤더블류
A264850,IBKS제6호스팩
A015540,메디플란트
A134580,디엠티
A011870,삼보이엔씨
A023600,삼보판지
A135160,지오씨
A094480,갤럭시아컴즈
A140520,대창스틸
A012750,에스원
A033660,아주캐피탈
A070590,한솔인티큐브
A014130,한익스프레스
A270800,KBSTAR KQ고배당
A001060,JW중외제약
A010770,평화홀딩스
A052710,아모텍
A038680,에스넷
A017680,데코앤이
A251430,쎄니팡
A234920,자이글
A033170,시그네틱스
A039130,하나투어
A052420,오성엘에스티
A036830,솔브레인
A225860,엠앤씨생명과학
A115390,락앤락
A018620,우진비앤지
A004800,효성
A065130,탑엔지니어링
A038160,팍스넷
A024070,WISCOM
A009970,영원무역홀딩스
A050480,마이다스IT
A001755,한양증권우
A050760,에스폴리텍
A143460,KINDEX 밸류대형
A215480,토박스코리아
J50C308,신한C308KOSPI200풋
A130680,TIGER 원유선물Enhanced(H)
A078930,GS
A093370,후성
A005670,푸드웰
A005690,파미셀
A067630,에이치엘비생명과학
A002680,한탑
A139270,TIGER 200 금융
J50C270,신한C270KOSPI200풋
A042670,두산인프라코어
A041520,이라이콤
A237690,에스티팜
J50C209,신한C209KOSPI200콜
A046890,서울반도체
A004140,동방
A103590,일진전기
A001460,BYC
A250300,제이에스피브이
A045060,오공
A010280,쌍용정보통신
A002200,수출포장
A095500,미래나노텍
A011170,롯데케미칼
A011390,부산산업
A048870,시너지이노베이션
A950140,잉글우드랩(Reg.S)
A219550,MP한강
A041590,젬백스테크놀러지
J50C320,신한C320KOSPI200풋
A126640,화신정공
A106520,디지탈옵틱
A094970,제이엠티
A101160,월덱스
A256750,KODEX 심천ChiNext(합성)
A211270,AP위성
A176440,에이치엔티
A159910,스킨앤스킨
A004840,DRB동일
A005940,NH투자증권
A025320,시노펙스
A152550,한국ANKOR유전
A084870,TBH글로벌
A036890,진성티이씨
A112610,씨에스윈드
A115610,이미지스
A091220,TIGER 은행
A260270,KOSEF 저PBR가중
A003410,쌍용양회
A267810,앙츠
A233190,미래자원엠엘
A007540,샘표
A128820,대성산업
A012320,경동인베스트
A266360,KODEX IT소프트웨어
A168330,내츄럴엔도텍
A044480,유니더스
A098460,고영
A004200,고려개발
A051170,썬코어
A016800,퍼시스
A002100,경농
A004380,삼익THK
A057500,SKC 솔믹스
A040610,SG&G
A199150,데이터스트림즈
A157510,TIGER 자동차
A065660,안트로젠
A086960,MDS테크
A012860,서연전자
A275280,KODEX MSCI모멘텀
A236460,ARIRANG 스마트베타 LowVOL
A025870,신라에스지
A042000,카페24
J50C225,신한C225KOSPI200풋
A002720,국제약품
A088350,한화생명
A196030,KINDEX 일본TOPIX레버리지(H)
A138530,TIGER LG그룹+펀더멘털
A214680,디알텍
A251540,에스와이제이
A012205,계양전기우
A067990,도이치모터스
A017800,현대엘리베이
A012030,동부
J50C283,신한C283KOSPI200콜
A140910,에이리츠
A251270,넷마블게임즈
A225130,KINDEX 골드선물 레버리지(합성 H)
A080440,에스제이케이
A096690,제이스테판
A047440,레이젠
A192410,감마누
A093050,LF
A054040,한국컴퓨터
A048430,유라테크
A036620,버추얼텍
A004650,창해에탄올
A014570,고려제약
A245340,TIGER 미국다우존스30
A017480,삼현철강
A017370,우신시스템
A015710,코콤
A018680,서울제약
A023960,에쓰씨엔지니어링
A229480,줌인터넷
A077970,STX엔진
A217950,바이오씨앤디
A064820,케이프
A004700,조광피혁
A114100,KBSTAR 국고채3년
A018470,조일알미늄
A001210,금호전기
A900100,뉴프라이드
A900250,크리스탈신소재
A003120,일성신약
A014530,극동유화
A072870,메가스터디
A220100,퓨쳐켐
A261120,TIGER 미국달러선물인버스2X
A003670,포스코켐텍
A079430,현대리바트
A233160,TIGER 코스닥150 레버리지
A143500,KBS미디어
A003340,SK건설
A004545,깨끗한나라우
A245710,KINDEX 베트남VN30(합성)
J50C304,신한C304KOSPI200풋
A003415,쌍용양회우
A267250,현대로보틱스
A900120,씨케이에이치
J50C234,신한C234KOSPI200콜
A161580,필옵틱스
A001529,동양3우B
A060300,레드로버
A092730,네오팜
A187790,나노
A044490,태웅
A004590,한국가구
A019180,티에이치엔
A014190,원익큐브
A028040,스페로 글로벌
A267500,KBSTAR 미국장기국채선물인버스2X(합성 H)
A027830,대성창투
A033130,디지틀조선
A005850,에스엘
A071055,한국금융지주우
A024900,덕양산업
A006490,인스코비
A236200,슈프리마
A012790,신일제약
A130730,KOSEF 단기자금
A065710,서호전기
A221670,주노콜렉션
A001200,유진투자증권
A057540,옴니시스템
A013900,두원중공업
A039240,경남스틸
A192390,윈하이텍
A087730,네패스신소재
A092300,현우산업
A122630,KODEX 레버리지
A131390,피앤이솔루션
A028670,팬오션
A214310,세미콘라이트
A072710,농심홀딩스
A183710,KBSTAR 주식혼합
A217600,켐온
A136490,선진
A019540,일지테크
A012580,신세계톰보이
A251340,KODEX 코스닥150선물인버스
A213090,미래테크놀로지
A000670,영풍
A006650,대한유화
A083930,아바코
A246720,아스타
A006730,서부T&D
A204450,KODEX China H 레버리지(H)
A266550,ARIRANG 중형주저변동50
A009450,경동나비엔
A030000,제일기획
A033830,티비씨
A000547,흥국화재2우B
A095270,웨이브일렉트로
A003300,한일시멘트
A025980,에머슨퍼시픽
A106240,파인테크닉스
A022100,포스코 ICT
A000050,경방
A065350,신성델타테크
J50C249,신한C249KOSPI200콜
A099830,씨그널엔터테인먼트그룹
A178600,대동고려삼
A048910,대원미디어
A006370,대구백화점
A139050,아이지스시스템
A026970,대백저축은행
A106080,알비케이이엠디
A108790,인터파크
A147970,TIGER 모멘텀
A200030,KODEX 미국S&P산업재(합성)
A077500,유니퀘스트
J50C246,신한C246KOSPI200콜
A058470,리노공업
A171120,라이온켐텍
A041830,인바디
A019440,세아특수강
A030610,교보증권
A195970,ARIRANG 선진국MSCI(합성 H)
A010580,지코
A237370,KODEX 배당성장채권혼합
J50C251,신한C251KOSPI200콜
A082740,두산엔진
A216050,인크로스
A011070,LG이노텍
A243070,휴온스
J50C203,신한C203KOSPI200콜
A104700,한국철강
A148250,알엔투테크놀로지
A138540,TIGER 현대차그룹+펀더멘털
J52C319,미래C319고려아연콜
A252000,TIGER 200동일가중
A085660,차바이오텍
A248260,TIGER 일본TOPIX헬스케어(합성)
A052290,트레이스
A237440,TIGER 경기방어채권혼합
A217620,한화ACPC스팩
A005389,현대차3우B
A200780,비씨월드제약
A079650,서산
A032350,롯데관광개발
A000150,두산
A001780,알루코
A091440,텔레필드
A033100,제룡전기
A004985,성신양회우
A034830,한국토지신탁
A112240,에스에프씨
A050090,휘닉스소재
A147830,제룡산업
A001570,금양
A006405,삼성SDI우
A036420,제이콘텐트리
A067730,로지시스
A222200,ARIRANG 스마트베타 Quality
A122690,서진오토모티브
A091120,이엠텍
A136480,하림
A069500,KODEX 200
A000105,유한양행우
A161000,애경유화
A097750,TREX 중소형가치
A035610,솔본
A072700,더존다스
A006280,녹십자
A046070,코다코
A170900,동아에스티
A071670,에이테크솔루션
A000400,롯데손해보험
A040830,롯데글로벌로지스
A145670,KINDEX 인버스
A221840,하이즈항공
A140580,KBSTAR 우량업종
A18064K,한진칼우
A006090,사조오양
A052460,아이크래프트
A051490,나라엠앤디
A153490,우리이앤엘
A048830,엔피케이
A003100,선광
J52C409,미래C409엘지디스콜
A003350,한국화장품제조
A102710,이엔에프테크놀로지
J50C223,신한C223KOSPI200풋
A046310,백금T&A
A109080,옵티시스
A097950,CJ제일제당
A060310,3S
A260200,KOSEF 배당바이백Plus
A041020,인프라웨어
A082640,동양생명
A007310,오뚜기
A239610,에이치엘사이언스
A252940,에스엠로보틱스
J50C302,신한C302KOSPI200콜
A023790,동일철강
J50C250,신한C250KOSPI200콜
A034590,인천도시가스
A222110,팬젠
A237880,클리오
A003480,한진중공업홀딩스
A005070,코스모신소재
J50C202,신한C202KOSPI200콜
A105560,KB금융
A141000,비아트론
A020180,대신정보통신
A007070,GS리테일
A175140,인포마크
A046290,효성캐피탈
A060480,국일신동
A009240,한샘
A002240,고려제강
A102955,아하정보우
A024910,경창산업
A003800,에이스침대
A069110,코스온
A260970,에스앤디
J50C189,신한C189KOSPI200콜
A008470,부스타
A026960,동서
A232680,라온테크
A069140,누리플랜
A025550,한국선재
J50C191,신한C191KOSPI200콜
A001880,삼호
A001020,페이퍼코리아
A039560,다산네트웍스
A204840,지엘팜텍
A120780,전우정밀
A082210,옵트론텍
A068240,다원시스
A003925,남양유업우
A275540,파워 스마트밸류
A100380,한섬피앤디
A078520,에이블씨엔씨
J50C264,신한C264KOSPI200풋
A08537M,루트로닉3우C
A058650,세아홀딩스
A221200,유진스팩3호
A033320,제이씨현시스템
A067920,이글루시큐리티
A086220,네추럴FNP
A253290,KBSTAR 헬스케어채권혼합
A088390,이녹스
A058820,CMG제약
A206660,골든브릿지제2호스팩
A024720,한국콜마홀딩스
A104520,KOSEF 블루칩
A035080,인터파크홀딩스
A067010,이씨에스
A108860,셀바스AI
A084690,대상홀딩스
A065570,삼영이엔씨
A047730,텔라움
A029480,바른테크놀로지
A210780,TIGER 코스피고배당
A185190,수프로
A006390,현대시멘트
A263800,데이타솔루션
A093380,풍강
A140320,대우산업개발
A136510,쎄미시스코
A215790,이노인스트루먼트
A006880,신송홀딩스
A011790,SKC
A145995,삼양사우
A002840,미원상사
A001130,대한제분
A092070,디엔에프
A206560,덱스터
A064800,필링크
J52C327,미래C327기아차콜
A203780,TIGER 미국나스닥바이오
A068940,아이씨케이
A065500,오리엔트정공
A020400,대동금속
A099350,하나니켈2호
A266410,KODEX 필수소비재
A016100,리더스코스메틱
A004365,세방우
A003535,한화투자증권우
A065310,미니멈컬렉션
A207930,SK1호스팩
A006140,피제이전자
A149980,하이로닉
A062580,인산가
A242350,피엔아이시스템
A261920,KINDEX 필리핀MSCI(합성)
A036710,심텍홀딩스
A004440,대림씨엔에스
A021040,대호피앤씨
A208710,바이오로그디바이스
A024110,기업은행
A005620,대성합동지주
A007340,동아타이어
A000725,현대건설우
J50C288,신한C288KOSPI200콜
A038620,위즈코프
A047770,코데즈컴바인
A217320,썬테크
A011420,갤럭시아에스엠
A232270,케이비제9호스팩
A010960,삼호개발
A007120,미래아이앤지
A197140,디지캡
A192080,더블유게임즈
A036180,영인프런티어
J50C194,신한C194KOSPI200콜
A033480,제주국제컨벤
J50C228,신한C228KOSPI200풋
A068400,AJ렌터카
A268280,미원에스씨
A078140,대봉엘에스
A080420,모다이노칩
A200250,KOSEF 인도Nifty50(합성)
A079550,LIG넥스원
A048770,TPC
A065560,큐브스
A137610,TIGER 농산물선물Enhanced(H)
A013700,까뮤이앤씨
J52C414,미래C414LG화학콜
A010690,화신
A060540,에스에이티
A131290,티에스이
A043100,솔고바이오
A180400,엠지메드
A033560,블루콤
A127160,매직마이크로
A003540,대신증권
A243870,굿센
A174880,장원테크
A028100,동아지질
A072130,유엔젤
A010470,오리콤
J50C318,신한C318KOSPI200풋
A000030,우리은행
A041650,상신브레이크
A020710,시공테크
A004270,남성
A054780,키이스트
A001630,종근당홀딩스
A003080,성보화학
A103130,웅진에너지
A236350,TIGER 인도니프티50레버리지(합성)
A222160,바이옵트로
A054190,한국우사회
A032040,C&S자산관리
A003000,부광약품
A238090,앤디포스
A002140,고려산업
A221610,한솔씨앤피
J50C206,신한C206KOSPI200콜
A008970,동양철관
A088800,에이스테크
A008000,도레이케미칼
A241790,오션브릿지
A010950,S-Oil
A182480,TIGER 미국MSCI리츠(합성 H)
A052020,에스티큐브
A016380,동부제철
A019590,엠벤처투자
A086890,이수앱지스
A041510,에스엠
A100910,KOSEF KRX100
A005960,동부건설
A214270,퓨쳐스트림네트웍스
A220180,핸디소프트
A205100,엑셈
A054920,한컴시큐어
A184230,SGA솔루션즈
A002600,조흥
A192400,쿠쿠전자
A072770,네오디안테크놀로지
A008830,대동기어
A002070,남영비비안
A069540,라이트론
A267300,TIGER 코스닥150로우볼
A007720,대명코퍼레이션
A024090,디씨엠
J52C399,미래C399모비스콜
J50C212,신한C212KOSPI200풋
A036580,팜스코
A197210,리드
A023890,아트라스BX
A008110,대동전자
A102940,코오롱생명과학
A038060,루멘스
A057030,와이비엠넷
A072950,빛샘전자
A025880,케이씨피드
A002780,진흥기업
A257730,신한제3호스팩
A230400,자비스
A225430,IBKS제3호스팩
A067160,아프리카TV
J50C188,신한C188KOSPI200콜
A060240,룽투코리아
A028150,GS홈쇼핑
A241510,이에스산업
A002460,화성산업
A008690,한양
A189300,인텔리안테크
A084730,팅크웨어
A033600,이젠텍
A089590,제주항공
A009440,KC그린홀딩스
A252730,KBSTAR 모멘텀로우볼
A091210,TIGER KRX100
A011160,두산건설
A005320,국동
A011090,에넥스
A032190,다우데이타
A049430,코메론
A001500,현대차투자증권
A014825,동원시스템즈우
A005360,모나미
A120030,조선선재
A014580,백광소재
A065770,CS
J50C207,신한C207KOSPI200콜
A018670,SK가스
A009620,삼보산업
A114260,KODEX 국고채3년
A016250,이테크건설
A115570,스타플렉스
A140070,서플러스글로벌
A060590,씨티씨바이오
A272560,KBSTAR 단기국공채액티브
A044990,에이치엔에스하이텍
A107640,한중엔시에스
A049630,재영솔루텍
A208140,정다운
A266140,TIGER 지속배당
A175330,JB금융지주
A138910,KODEX 구리선물(H)
A217730,강스템바이오텍
A219130,타이거일렉
A083380,동북아13호
A114810,아이원스
A089140,넥스턴
A045970,코아시아홀딩스
A025440,대성엘텍
A060900,퍼시픽바이오
A138920,KODEX 콩선물(H)
A071090,하이스틸
A004989,성신양회3우B
A194480,데브시스터즈
A075180,새론오토모티브
A226360,케이비드림4호스팩
A003720,삼영화학
A127120,디엔에이링크
A007370,진양제약
A033310,디케이디앤아이
A054540,삼영엠텍
A085370,루트로닉
A012200,계양전기
A066410,투윈글로벌
A102460,이연제약
A226440,동부스팩3호
A081970,한솔넥스지
A187420,제노포커스
A003490,대한항공
A080470,성창오토텍
A066430,와이오엠
J52C421,미래C421POSCO콜
A011155,CJ씨푸드1우
A056080,유진로봇
A139280,TIGER 경기방어
A077360,덕산하이메탈
A135270,세종머티리얼즈
A005810,풍산홀딩스
A003160,디아이
A001270,부국증권
A007690,국도화학
J50C192,신한C192KOSPI200콜
A021050,서원
A033110,이디
A242420,본느
A080160,모두투어
A053060,세동
A00088K,한화3우B
A038340,리젠
A122870,와이지엔터테인먼트
A160980,싸이맥스
A009580,무림P&P
A003780,진양산업
A220110,드림티엔터테인먼트
A201150,교육혁명
A037560,CJ헬로비전
A047810,한국항공우주
A223040,교보5호스팩
J50C278,신한C278KOSPI200풋
A054930,유신
A186230,그린플러스
A145720,덴티움
A130740,티피씨글로벌
A108380,대양전기공업
A150900,파수닷컴
A252400,KBSTAR 200선물레버리지
A189980,흥국에프엔비
A034810,해성산업
A219480,KODEX 미국S&P500선물(H)
A033340,좋은사람들
A080580,오킨스전자
A077280,한컴지엠디
A004370,농심
A036560,영풍정밀
A097230,한진중공업
A025750,한솔홈데코
A006120,SK케미칼
A066870,비트로시스
A157490,TIGER 소프트웨어
A211210,마이티 코스피고배당
A119650,KC코트렐
J50C310,신한C310KOSPI200풋
A030790,동양네트웍스
A043720,안국바이오
A095720,웅진씽크빅
A004870,티웨이홀딩스
A052400,코나아이
A071970,STX중공업
A051630,진양화학
A108450,KINDEX 삼성그룹섹터가중
A206640,바디텍메드
A081150,티플랙스
A028300,에이치엘비
A036190,금화피에스시
A213500,한솔제지
A251630,브이원텍
J50C316,신한C316KOSPI200풋
A251280,안지오랩
A050320,에스아이티글로벌
A002620,제일파마홀딩스
A002810,삼영무역
A219960,유안타제2호스팩
A265920,한화수성스팩
A016580,환인제약
A049800,우진플라임
A253230,KOSEF 200선물인버스2X
A046970,우리로
A222980,한국맥널티
J50C284,신한C284KOSPI200콜
A211900,KODEX 배당성장
J52C315,미래C315우리은행콜
A119500,포메탈
A194610,우성아이비
A015860,일진홀딩스
A012760,동아
A035720,카카오
A064350,현대로템
A003550,LG
A096240,청담러닝
A261220,KODEX WTI원유선물(H)
A011500,한농화성
A241710,코스메카코리아
A176950,KODEX 국채선물10년인버스
A147760,마이크로프랜드
A096630,에스코넥
A001810,무림SP
A000520,삼일제약
A045520,크린앤사이언스
A001680,대상
A001820,삼화콘덴서
A035430,드림라인
A262830,대신밸런스제4호스팩
A195870,해성디에스
A037270,YG PLUS
J52C411,미래C411LG콜
J50C279,신한C279KOSPI200콜
A005440,현대그린푸드
A189350,코셋
A080640,미라콤아이앤씨
A225590,신영스팩2호
A082920,비츠로셀
A002785,진흥기업우B
A222390,케이비제8호스팩
A261140,TIGER 우선주
A051900,LG생활건강
A069730,DSR제강
A051390,YW
A091170,KODEX 은행
A217880,틸론
A017960,한국카본
A003230,삼양식품
A017040,광명전기
A115480,씨유메디칼
J50C258,신한C258KOSPI200풋
A087260,모바일어플라이언스
A215050,비엔디생활건강
A005980,성지건설
A058530,크레아플래닛
A058730,동아에스텍
A261270,KODEX 미국달러선물인버스
A270210,에스알바이오텍
A222420,쎄노텍
J50C259,신한C259KOSPI200풋
A012600,청호컴넷
A129260,인터지스
A144620,코오롱머티리얼
A166480,코아스템
A023590,다우기술
A084670,동양고속
A134780,화진
J52C407,미래C407엘지전자풋
A102280,쌍방울
A156100,엘앤케이바이오
A217480,에스디생명공학
A080010,이상네트웍스
A123100,테라세미콘
A012350,한국체인공업
A010820,퍼스텍
A161570,미동앤씨네마
A067280,멀티캠퍼스
A000860,강남제비스코
A023150,MH에탄올
A054670,대한뉴팜
A024840,갑을메탈
A010140,삼성중공업
A005680,삼영전자
A001530,동일방직
A001430,세아베스틸
A073960,씨브이네트
A109740,디에스케이
A105010,TIGER 라틴35
A027410,BGF리테일
A00781K,코리아써키트2우B
A079440,아이엔지생명
A122900,아이마켓코리아
A066590,우수AMS
A033230,인성정보
A078590,두올산업
A001840,이화공영
A039610,화성밸브
A015760,한국전력
A156080,KODEX KOREA MSCI
A064260,다날
J50C297,신한C297KOSPI200콜
A001750,한양증권
A004415,서울식품우
A013580,계룡건설
A097520,엠씨넥스
A222040,뉴트리바이오텍
A001360,삼성제약
J50C265,신한C265KOSPI200풋
A052790,액토즈소프트
A096040,이트론
A054950,제이브이엠
A058610,에스피지
A010170,대한광통신
A037070,파세코
A223220,구름컴퍼니
A047820,초록뱀
A227540,TIGER 200 헬스케어
A114820,TIGER 국채3년
A275980,TIGER 글로벌4차산업혁신기술(합성 H)
A064850,에프앤가이드
A047310,파워로직스
A100250,진양홀딩스
A007575,일양약품우
A027390,한화갤러리아타임월드
A040160,누리텔레콤
A196170,알테오젠
A042600,새로닉스
A073240,금호타이어
A002025,코오롱우
A036170,씨티엘
A003610,방림
A059090,미코
A003090,대웅
A038500,삼표시멘트
A004565,현대비앤지스틸우
A026260,카테아
A071460,대유위니아
A233740,KODEX 코스닥150 레버리지
A033180,필룩스
A251960,엠에프엠코리아
A039440,에스티아이
A069920,아이에스이커머스
A148070,KOSEF 국고채10년
A007460,나라케이아이씨
A138930,BNK금융지주
A043580,에임하이
A206650,유바이오로직스
A004910,조광페인트
A187220,디티앤씨
A133690,TIGER 미국나스닥100
A252370,유쎌
A052670,제일바이오
A044340,위닉스
A058400,KNN
A043590,크로바하이텍
A251350,KODEX 선진국MSCI World
A276000,TIGER 글로벌자원생산기업(합성 H)
A003570,S&T중공업
A065150,MP그룹
A033530,세종공업
A079370,제우스
A009415,태영건설우
A004410,서울식품
A000490,대동공업
A010120,LS산전
A001725,신영증권우
A225030,TIGER 미국S&P500선물인버스(H)
A053610,프로텍
A043200,파루
A155960,지디
J52C410,미래C410엘지디스풋
A206950,볼빅
A012340,뉴인텍
A000810,삼성화재
A010600,와이비로드
A036150,에스피반도체
A047400,쌍용머티리얼
A078650,코렌
A044780,에이치케이
A000540,흥국화재
A079980,휴비스
A002310,아세아제지
J50C205,신한C205KOSPI200콜
A025530,SJM홀딩스
A114290,에스코어
A043500,드림텍
A012630,현대산업
A019770,서연탑메탈
A008260,NI스틸
A148780,비플라이소프트
A187270,신화콘텍
A029460,케이씨텍
A086980,쇼박스
J50C291,신한C291KOSPI200콜
A079170,한창산업
A058110,멕아이씨에스
J50C313,신한C313KOSPI200풋
A001799,대한제당3우B
A037760,쎄니트
A007700,F&F
A079950,인베니아
A138490,코오롱플라스틱
A032980,바이온
J50C210,신한C210KOSPI200풋
A001685,대상우
A045020,포앤티
J50C280,신한C280KOSPI200콜
A115960,연우
A037230,한국팩키지
A016450,한세예스24홀딩스
A075120,현대아산
A017390,서울가스
A227560,TIGER 200 생활소비재
A008600,윌비스
A038520,오리엔트전자
A138040,메리츠금융지주
A227570,TIGER 우량가치
A013367,일성건설2우B
A054940,엑사이엔씨
J50C256,신한C256KOSPI200풋
A032540,TJ미디어
A073570,에이티테크놀러지
A007590,동방아그로
A046210,파나진
A051915,LG화학우
A018500,동원금속
J50C204,신한C204KOSPI200콜
A140710,KODEX 운송
A900050,중국원양자원
A061970,엘비세미콘
A009460,한창제지
A049830,승일
A219750,지티지웰니스
A099140,KODEX China H
A011785,금호석유우
A037350,성도이엔지
A092040,아미코젠
A136340,KBSTAR 중기우량회사채
A005090,삼광글라스
A226400,오스테오닉
J50C260,신한C260KOSPI200풋
A214320,이노션
A000020,동화약품
A094850,참좋은레져
A032580,피델릭스
A099520,ITX엠투엠
A004830,덕성
A258540,스템랩
A067080,대화제약
A051380,피씨디렉트
A210120,빅텐츠
A006200,한국전자홀딩스
A200470,하이셈
A031860,엔에스엔
A032560,황금에스티
A009160,SIMPAC
A000225,유유제약1우
A179690,셀인바이오
A078160,메디포스트
A224110,에이텍티앤
A040100,케이아이티
A053270,구영테크
J50C253,신한C253KOSPI200콜
A007980,태평양물산
J50C231,신한C231KOSPI200풋
A126340,비나텍
A036640,HRS
A202960,판도라티비
J50C301,신한C301KOSPI200콜
A000890,보해양조
A130580,나이스디앤비
A101360,이엔드디
A071840,롯데하이마트
A271050,KODEX WTI원유선물인버스(H)
A005750,대림B&Co
A085620,미래에셋생명
A150460,TIGER 중국소비테마
A066570,LG전자
J50C263,신한C263KOSPI200풋
A090360,로보스타
A191600,티케이씨
J50C292,신한C292KOSPI200콜
A141020,포티스
A024800,유성티엔에스
A005160,동국산업
A092130,이크레더블
A093640,다믈멀티미디어
A062860,티엘아이
A064960,S&T모티브
A018120,진로발효
A068290,삼성출판사
A104460,동양피엔에프
A004970,신라교역
A225050,TIGER 유로스탁스레버리지(합성 H)
J52C425,미래C425신한지주콜
A005950,이수화학
A267770,TIGER 200선물레버리지
A122260,KOSEF 통안채1년
A002990,금호산업
A208640,썸에이지
A034950,한국기업평가
A137940,넥스트아이
A108670,LG하우시스
A000157,두산2우B
A178320,서진시스템
A038540,텍셀네트컴
A031820,콤텍시스템
A195440,퓨전데이타
A020560,아시아나항공
A032680,소프트센
A010100,한국프랜지
A094860,코닉글로리
A272290,이녹스첨단소재
A091970,나노캠텍
A036840,휴코드
A083500,에프엔에스테크
A024940,PN풍년
A124500,아이티센
A049950,미래컴퍼니
A007570,일양약품
A098660,에스티오
A073190,디비케이
A142280,녹십자엠에스
A007390,네이처셀
A001080,만호제강
A015890,태경산업
A099190,아이센스
A047080,한빛소프트
A037460,삼지전자
A040350,큐로컴
A220260,케이프이에스스팩
A071850,캐스텍코리아
A166090,하나머티리얼즈
A033160,엠케이전자
A205720,KINDEX 일본TOPIX인버스(합성 H)
A071050,한국금융지주
A091340,S&K폴리텍
A111820,처음앤씨
A183300,코미코
A038290,마크로젠
A096610,알에프세미
A038390,레드캡투어
A226980,KODEX 200 중소형
A060380,동양에스텍
A097800,윈팩
A205500,액션스퀘어
A110660,세신버팔로
A004250,NPC
A013030,하이록코리아
A027740,마니커
A036530,S&T홀딩스
A009540,현대중공업
A232140,와이아이케이
A183700,KBSTAR 채권혼합
A012700,리드코프
A006050,국영지앤엠
A001470,삼부토건
A006580,대양제지
A253840,수젠텍
A222190,ARIRANG 스마트베타 Momentum
A001515,SK증권우
A115530,씨엔플러스
A139240,TIGER 200 철강소재
A159580,제로투세븐
A239340,미래에셋제5호스팩
A039980,리노스
A205470,하이제2호스팩
A106190,하이텍팜
A203400,에이비온
A004000,롯데정밀화학
A003460,유화증권
A033270,유나이티드제약
A001527,동양2우B
A183410,데카시스템
A029780,삼성카드
A104200,NHN벅스
A227680,뉴젠홀딩스
A005930,삼성전자
A007280,한국특수형강
A153360,하이골드3호
A272420,극동자동화
A169950,KODEX 중국본토 A50
A017940,E1
A023000,삼원강재
A035510,신세계 I&C
A241560,두산밥캣
A078070,유비쿼스홀딩스
A117690,TIGER 차이나항셍25
A101490,에스앤에스텍
A001070,대한방직
A189690,포시에스
A101000,디엠씨
A090460,비에이치
A061040,알에프텍
A220130,SMART 중국본토 중소형 CSI500(합성 H)
A215200,메가스터디교육
A208860,엔지스테크널러지
A090350,노루페인트
A008775,호텔신라우
A067900,와이엔텍
A214610,나노바이오시스
A210980,SK디앤디
A088790,진도
A140310,자일대우자판
A001745,SK네트웍스우
A032280,삼일
A015230,대창단조
A073710,씨디네트웍스
A004780,대륙제관
A039340,한국경제TV
A138070,신진에스엠
A104770,IBK투자증권
A038880,아이에이
A096530,씨젠
A047050,포스코대우
A089030,테크윙
A123890,한국자산신탁
A036810,에프에스티
J52C400,미래C400모비스콜
A016920,카스
A227550,TIGER 200 산업재
A079190,EMW
A030270,에스마크
A123010,옵토팩
A138360,에이씨티
A000650,천일고속
A047040,대우건설
A012610,경인양행
A005990,매일홀딩스
A153270,KOSEF 코스피100
A128940,한미약품
A004990,롯데제과
A019680,대교
A056360,코위버
A204320,만도
A000910,유니온
A26490K,크라운제과우
A050860,아세아텍
A034940,조아제약
A123260,사파이어테크놀로지
A224810,엄지하우스
A005250,녹십자홀딩스
A062760,코스텍시스
A144960,뉴파워프라즈마
A261070,TIGER 코스닥150바이오테크
A052860,아이앤씨
A018700,바른손
A000227,유유제약2우B
A02826K,삼성물산우B
A078350,한양디지텍
A009300,삼아제약
A019685,대교우B
A028260,삼성물산
A030960,양지사
A065950,웰크론
A011760,현대상사
A010955,S-Oil우
A076340,관악산업
A056000,신스타임즈
A049550,잉크테크
A068050,팬엔터테인먼트
A171010,램테크놀러지
A130480,모아정보기술
A005490,POSCO
A275290,KODEX MSCI밸류
A038460,바이오스마트
A078860,아이오케이
A028050,삼성엔지니어링
A136660,큐엠씨
A033250,체시스
A004890,동일산업
A145990,삼양사
A031980,피에스케이
A049960,쎌바이오텍
A228340,동양파일
A120110,코오롱인더
A158300,에스에이티이엔지
A009780,엠에스씨
A139480,이마트
A001540,안국약품
A011370,서한
A006840,AK홀딩스
J52C419,미래C419POSCO콜
A003580,동원
A271740,한국제5호스팩
A115450,지트리비앤티
A195980,ARIRANG 신흥국MSCI(합성 H)
A043290,케이맥
A123420,선데이토즈
A012620,원일특강
A011000,진원생명과학
A079940,가비아
A012510,더존비즈온
A068930,디지털대성
A010240,흥국
A211050,인카금융서비스
J50C213,신한C213KOSPI200풋
A115180,큐리언트
A058630,엠게임
A212560,네오오토
A246250,에스엘에스
A052190,이에스에이
A001045,CJ우
A007660,이수페타시스
A181480,KINDEX 미국다우존스리츠(합성 H)
A045510,정원엔시스
A102780,KODEX 삼성그룹
A139290,TIGER 200 경기소비재
A230490,동부제4호스팩
A068330,일신바이오
A003960,사조대림
A240810,원익IPS
A004490,세방전지
A100660,서암기계공업
A045100,한양이엔지
A102970,KODEX 증권
A079960,동양이엔피
A065170,넥스트BT
A080530,코디
A042940,포워드컴퍼니스
A014680,한솔케미칼
A900300,오가닉티코스메틱
J50C312,신한C312KOSPI200풋
A015200,성원
A006360,GS건설
A002787,진흥기업2우B
A237720,케이엠제약
A084650,랩지노믹스
A121600,나노신소재
A067290,JW신약
A043360,디지아이
A161890,한국콜마
A159650,하이골드8호
A131760,파인텍
A140570,KBSTAR 수출주
A000970,한국주철관
A226850,키움스팩4호
A222170,ARIRANG S&P한국배당성장
A017810,풀무원
A009270,신원
A266870,플렉스파워에이더블유에스
A123440,퀀텀에너지
A032500,케이엠더블유
A069960,현대백화점
A013090,인켈
A004980,성신양회
A086670,비엠티
A226380,KINDEX 한류
A053620,태양
A096300,베트남개발1
J52C334,미래C334현대제철콜
A004710,한솔테크닉스
A007810,코리아써키트
A003690,코리안리
A021650,한국큐빅
A239660,ARIRANG 우량회사채50 1년
A047920,씨트리
J50C248,신한C248KOSPI200콜
A166220,지에스엘제약
A003560,IHQ
A045340,토탈소프트
A204990,현성바이탈
A002960,한국쉘석유
A092600,넥스트칩
A027580,상보
A053210,스카이라이프
A900110,이스트아시아홀딩스
A065530,전파기지국
A026040,제이에스티나
A214420,토니모리
A182360,큐브엔터
A063440,에프엔씨애드컬쳐
A003545,대신증권우
A229200,KODEX 코스닥 150
A265690,KINDEX 러시아MSCI(합성)
A063170,서울옥션
A004255,NPC우
A238500,로보쓰리
A021080,에이티넘인베스트
A008340,대주코레스
A114460,KINDEX 중기국고채
A033240,자화전자
A139260,TIGER 200 IT
A157500,TIGER 증권
A014830,유니드
A059120,아진엑스텍
A082800,루미마이크로
A070080,삼보오토
A001290,골든브릿지증권
A276990,KODEX 글로벌4차산업로보틱스(합성)
A000230,일동홀딩스
A108675,LG하우시스우
A036490,SK머티리얼즈
A085810,알티캐스트
A092220,KEC
A263650,G1230교육
A252420,KBSTAR 200선물인버스2X
A089150,케이씨티
A114920,대주이엔티
A081580,성우전자
A084440,유비온
A229000,젠큐릭스
A097955,CJ제일제당 우
A251890,KINDEX 코스닥(합성)
A234080,JW생명과학
A042370,비츠로테크
J50C199,신한C199KOSPI200콜
A057050,현대홈쇼핑
A051905,LG생활건강우
A002410,범양건영
A090730,SIMPAC Metal
A002270,롯데푸드
A089530,에이티세미콘
A027050,코리아나
A057680,옴니텔
A117680,KODEX 철강
A009420,한올바이오파마
A160580,TIGER 구리실물
A245350,TIGER 유로스탁스배당30
A220630,해마로푸드서비스
J50C241,신한C241KOSPI200콜
A009070,KCTC
A001440,대한전선
A203650,드림시큐리티
A000180,성창기업지주
A048470,대동스틸
A054630,에이디칩스
A002350,넥센타이어
A002380,KCC
A031310,아이즈비전
A105330,케이엔더블유
A092590,럭스피아
A000545,흥국화재우
A148020,KBSTAR 200
A038010,제일테크노스
A020150,일진머티리얼즈
A065420,에스아이리소스
J50C294,신한C294KOSPI200콜
A005740,크라운해태홀딩스
J50C229,신한C229KOSPI200풋
A264900,크라운제과
A089790,제이티
A000100,유한양행
J50C286,신한C286KOSPI200콜
A017180,명문제약
A014285,금강공업우
A130500,GH신소재
J50C319,신한C319KOSPI200풋
A254120,IBKS제5호스팩
A073640,삼원테크
J50C233,신한C233KOSPI200콜
A264290,한화에이스스팩3호
A056700,신화인터텍
A058220,아리온
A069660,KOSEF 200
A094940,푸른기술
A221950,케이비드림3호스팩
A059210,메타바이오메드
A273060,엔에이치스팩12호
A005390,신성통상
A104690,에코텍
A009410,태영건설
A095910,에스에너지
A200350,래몽래인
A232590,KINDEX 골드선물 인버스2X(합성 H)
A008770,호텔신라
A247300,인프라웨어테크놀러지
A025900,동화기업
A056190,에스에프에이
A252650,KODEX 200동일가중
A010620,현대미포조선
A215580,대우스팩3호
A078150,HB테크놀러지
J52C413,미래C413글로비스콜
A228790,TIGER 화장품
A101680,한국정밀기계
A234100,세원
A005430,한국공항
A206400,엔터메이트
A051160,지어소프트
A140700,KODEX 보험
A090430,아모레퍼시픽
A115580,현대인프라
A009150,삼성전기
A214980,KODEX 단기채권PLUS
A066575,LG전자우
A100840,S&TC
A042520,한스바이오메드
A168580,KINDEX 중국본토CSI300
A009830,한화케미칼
A012670,환영철강공업
A114800,KODEX 인버스
A026150,특수건설
A221800,유투바이오
A000885,한화우
A121890,에스디시스템
A217810,엔에이치스팩7호
A214370,케어젠
A001065,JW중외제약우
A040480,코캄
A226340,에이치엠씨3호스팩
A111110,호전실업
A244820,ARIRANG 스마트베타4종결합
A043610,지니뮤직
J50C309,신한C309KOSPI200풋
A019170,신풍제약
A086790,하나금융지주
A017510,세명전기
A089470,현대EP
A185750,종근당
A000480,조선내화
A261110,TIGER 미국달러선물레버리지
A158310,인터불스
A228760,지노믹트리
A249420,일동제약
A118990,모트렉스
A900140,코라오홀딩스
A014100,보령메디앙스
A003830,대한화섬
A114120,크루셜텍
A041190,우리기술투자
A000640,동아쏘시오홀딩스
A900310,컬러레이
A144600,KODEX 은선물(H)
A058450,일야
A263860,지니언스
A118000,우리들휴브레인
A152870,파워 200
A000070,삼양홀딩스
A233990,하우동천
A041140,넥슨지티
A058860,케이티스
A272220,KINDEX 스마트모멘텀
A950130,엑세스바이오
A122090,ARIRANG 코스피50
A087800,케이디비생명
A195930,TIGER 유로스탁스50(합성 H)
A143240,사람인에이치알
A137950,제이씨케미칼
A006400,삼성SDI
J50C237,신한C237KOSPI200콜
A111770,영원무역
A002690,동일제강
A126880,제이엔케이히터
A112040,위메이드
A215100,하나머스트4호스팩
A114470,KOSEF 국고채3년
A143210,핸즈코퍼레이션
A200670,휴메딕스
A031440,신세계푸드
A005450,신한
A267290,경동도시가스
A230240,하나금융7호스팩
A004310,현대약품
A143850,TIGER 미국S&P500선물(H)
A143160,아이디스
A225330,씨엠에스에듀
A086450,동국제약
A039840,디오
A005380,현대차
A069620,대웅제약
A091990,셀트리온헬스케어
A105780,KBSTAR 5대그룹주
A075580,세진중공업
A091160,KODEX 반도체
A122640,예스티
A154030,아시아종묘
A089890,고려반도체
A073110,엘엠에스
A161500,ARIRANG 경기주도주
A194510,파티게임즈
A242040,교보비엔케이스팩
A064520,바른전자
A023900,풍국주정
A247800,KODEX 턴어라운드투자
A000995,동부하이텍1우
A009200,무림페이퍼
A017250,인터엠
A025890,한국주강
A079000,와토스코리아
A035250,강원랜드
A123860,아나패스
A005010,휴스틸
A043340,에쎈테크
A090150,광진윈텍
A007110,일신석재
A056880,휘라포토닉스
A064480,브리지텍
A000140,하이트진로홀딩스
A016610,동부증권
A008730,율촌화학
A091230,TIGER 반도체
J50C232,신한C232KOSPI200풋
A003280,흥아해운
A182490,TIGER 단기선진하이일드(합성 H)
A000390,삼화페인트
A053110,소리바다
A000270,기아차
A002220,한일철강
A250060,모비스
A109820,진매트릭스
A134610,HK자산관리대부
A043220,에이치엘비파워
J50C266,신한C266KOSPI200풋
A036670,KCI
A005900,동양건설산업
A008490,서흥
A048260,오스템임플란트
A271850,다이오진
A063180,유니텍
A038070,서린바이오
A041500,대한바이오
A050120,라이브플렉스
A005610,SPC삼립
A192440,슈피겐코리아
A115500,케이씨에스
A205290,케미메디
A006740,영풍제지
A078340,컴투스
A000120,CJ대한통운
A094280,효성ITX
A099660,한솔신텍
A131180,딜리
A013810,스페코
A180640,한진칼
A011280,태림포장
A138250,엔에스쇼핑
A238730,에스엠면세점
A046110,한일네트웍스
A003475,유안타증권우
A123040,엠에스오토텍
A232530,이엠티
A114570,지스마트글로벌
A133820,화인베스틸
A037440,희림
A900260,로스웰
A138520,TIGER 삼성그룹펀더멘털
A023410,유진기업
A200880,서연이화
A042040,케이피엠테크
A046440,KG모빌리언스
A215380,우정비에스씨
A105630,한세실업
A172580,하이골드12호
A002580,삼미
A109860,동일금속
A005190,동성화학
A139230,TIGER 200 중공업
A003495,대한항공우
A020760,일진디스플
A050110,캠시스
A053660,현진소재
A192820,코스맥스
A139660,KOSEF 미국달러선물인버스
A170920,엘티씨
A038870,에코바이오
A007640,HK저축은행
A060250,NHN한국사이버결제
A074610,이엔쓰리
A224020,에스케이씨에스
A053700,삼보모터스
A152100,ARIRANG 200
A183190,아세아시멘트
A053300,한국정보인증
A065450,빅텍
A035890,서희건설
A084010,대한제강
A014915,성문전자우
A119610,인터로조
A006570,대림통상
A001465,BYC우
A053160,프리엠스
A228820,TIGER KTOP30
J50C314,신한C314KOSPI200풋
A045890,동부라이텍
A229500,노브메타파마
A002290,삼일기업공사
A009730,코센
A152180,TIGER 생활필수품
A004960,한신공영
A003547,대신증권2우B
A232080,TIGER 코스닥150
A002390,한독
A016360,삼성증권
A267440,KBSTAR 미국장기국채선물(H)
A116100,태양기계
A008040,사조동아원
A137400,피엔티
A009320,대우부품
A036200,유니셈
A091590,남화토건
A052690,한전기술
A007815,코리아써우
A083420,KPX그린케미칼
A042500,링네트
J50C275,신한C275KOSPI200풋
A000720,현대건설
A011780,금호석유
A009275,신원우
A242850,영현무역
A241180,TIGER 일본니케이225
A049130,하우리
A044180,KD건설
A005830,동부화재
A108590,TREX 200
A094360,칩스앤미디어
A041960,코미팜
A128660,피제이메탈
A049070,인탑스
A052330,코텍
A093230,이아이디
A218710,키움스팩3호
J50C269,신한C269KOSPI200풋
A003650,미창석유
A269370,TIGER S&P글로벌인프라(합성)
A088130,동아엘텍
A145850,TREX 펀더멘탈 200
A261250,KODEX 미국달러선물레버리지
A101240,씨큐브
A067170,오텍
A092440,기신정기
A232330,SK3호스팩
A004105,태양금속우
A002995,금호산업우
A900290,GRT
A173940,에프엔씨엔터
A248270,TIGER S&P글로벌헬스케어(합성)
A051370,인터플렉스
A001550,조비
A090470,제이스텍
A140410,메지온
J50C299,신한C299KOSPI200콜
A161510,ARIRANG 고배당주
A086040,바이오톡스텍
J50C193,신한C193KOSPI200콜
A244620,KODEX 모멘텀Plus
A224880,SGA임베디드
A207940,삼성바이오로직스
A176710,파워 중기국고채
A189330,씨이랩
A027970,세하
A075130,플랜티넷
A064760,티씨케이
A091700,파트론
A179720,옐로페이
A021320,KCC건설
A244660,KODEX 퀄리티Plus
A018000,유니슨
A151910,나노스
A000215,대림산업우
A014990,인디에프
A900080,에스앤씨엔진그룹
A267490,KBSTAR 미국장기국채선물레버리지(합성 H)
A051500,CJ프레시웨이
A245360,TIGER 차이나HSCEI
A005870,휴니드
A000240,한국타이어월드와이드
A039570,아이콘트롤스
A069330,유아이디
A900070,글로벌에스엠
A149950,아바텍
A003030,세아제강
A060260,뉴보텍
A014940,오리엔탈정공
A247780,KODEX 가치투자
A111870,삼본정밀전자
A054620,APS홀딩스
A228850,레이언스
A008420,문배철강
A233250,메디안디노스틱
A214450,파마리서치프로덕트
A035600,KG이니시스
A005500,삼진제약
J50C235,신한C235KOSPI200콜
A216280,원텍
A051810,모보
A002000,한국유리
A011040,경동제약
A100030,모바일리더
A004130,대덕GDS
A005935,삼성전자우
A033500,동성화인텍
A020120,다우인큐브
A067570,엔브이에이치코리아
A123330,제닉
J52C433,미래C433삼성생명콜
A196450,온다 엔터테인먼트
A089600,나스미디어
A054090,삼진엘앤디
J50C217,신한C217KOSPI200풋
J50C290,신한C290KOSPI200콜
A009810,엔케이물산
J52C420,미래C420POSCO콜
A225040,TIGER 미국S&P500레버리지(합성 H)
A208890,에듀케이션파트너
A189700,디피앤케이
A173130,오파스넷
A238490,힘스
J50C240,신한C240KOSPI200콜
A008500,일정실업
A119830,아이텍반도체
A168300,KTOP 코스피50
A219390,KBSTAR 미국S&P원유생산기업(합성 H)
A091580,상신이디피
J52C430,미래C430하나금융풋
A097780,에스맥
A115440,우리넷
A025860,남해화학
A251590,ARIRANG 고배당저변동50
A076080,웰크론한텍
A101730,조이맥스
A003470,유안타증권
A092870,엑시콘
A099410,동방선기
A041920,메디아나
A100220,비상교육
A000370,한화손해보험
A067370,선바이오
A095660,네오위즈
A065940,바이오빌
A003010,혜인
A025540,한국단자
A025000,KPX케미칼
A038530,골드퍼시픽
A170030,현대공업
A225060,TIGER 이머징마켓MSCI레버리지(합성 H)
A054220,비츠로시스
A210610,소프트캠프
A117580,대성에너지
A113810,디젠스
J52C401,미래C401모비스풋
A044960,이-글 벳
A167380,나무기술
A086280,현대글로비스
A000760,이화산업
A005110,한창
A103140,풍산
A115410,케이디이노
A068790,DMS
A000440,중앙에너비스
A115310,인포바인
A250780,TIGER 코스닥150선물인버스
A272230,KINDEX 스마트밸류
A174360,KBSTAR 중국본토대형주CSI100
A063760,이엘피
A060370,KT서브마린
A178780,유테크
A101400,네오피델리티
A122990,와이솔
A193250,와이제이엠게임즈
A100700,세운메디칼
A241590,화승엔터프라이즈
A215600,신라젠
A003530,한화투자증권
A253250,KOSEF 200선물레버리지
A122450,KMH
A182400,에이티젠
A095610,테스
J52C415,미래C415LG화학콜
A000155,두산우
A252670,KODEX 200선물인버스2X
A123900,골든블루
J50C220,신한C220KOSPI200풋
A011300,성안
A090080,평화산업
A079970,투비소프트
A143540,영우디에스피
A064090,에프앤리퍼블릭
A152330,코리아오토글라스
A272910,KINDEX 중장기국공채액티브
A095190,이엠코리아
A190160,ARIRANG 단기유동성
A008290,원풍물산
A235010,하이에이아이1호스팩
A266390,KODEX 경기소비재
A060570,아이리버
A096760,JW홀딩스
A069640,엠케이트렌드
A046120,오르비텍
A222800,심텍
A222080,씨아이에스
A032960,동일기연
A213610,KODEX 삼성그룹밸류
A123410,코리아에프티
A038110,에코플라스틱
A066830,제노텍
A224060,코디엠
J50C214,신한C214KOSPI200풋
A033540,파라텍
A230480,KOSEF 미국달러선물 인버스2X(합성)
A223310,이에스브이
A245450,씨앤에스링크
A061460,한진피앤씨
A185680,KODEX 미국S&P바이오(합성)
A033430,디에스티
A159800,마이티 코스피100
A000220,유유제약
A190510,나무가
A051360,토비스
A018360,삼성메디슨
A253240,KOSEF 200선물인버스
A208350,지란지교시큐리티
A012280,영화금속
A217270,넵튠
A140290,청광종건
A015150,다산
A002210,동성제약
A119860,다나와
A034230,파라다이스
A157450,TIGER 단기통안채
A225570,넷게임즈
A140860,파크시스템스
J50C201,신한C201KOSPI200콜
A004060,SG세계물산
A066130,하츠
A900180,완리
A232290,SGA시스템즈
A054340,엔알케이
A078000,텔코웨어
J50C198,신한C198KOSPI200콜
A000320,노루홀딩스
A230980,솔트웍스
A025820,이구산업
A002360,SH에너지화학
A094190,이엘케이
A055550,신한지주
A072020,중앙백신
A152500,KINDEX 레버리지
A064240,홈캐스트
A032800,판타지오
A204620,유안타제1호스팩
A001067,JW중외제약2우B
A250930,케이비제10호스팩
A219860,한화에이스스팩2호
A042700,한미반도체
J50C277,신한C277KOSPI200풋
A139130,DGB금융지주
J50C323,신한C323KOSPI200풋
A013360,일성건설
A123570,이엠넷
A174350,TIGER 로우볼
A252710,TIGER 200선물인버스2X
A195920,TIGER 일본TOPIX(합성 H)
A240340,인터코스
A221980,케이디켐
A105190,KINDEX 200
A191410,육일씨엔에쓰
A005965,동부건설우
A252720,KBSTAR 모멘텀밸류
A126700,하이비젼시스템
A239890,피엔에이치테크
A039670,스포츠서울
A003380,제일홀딩스
A002170,삼양통상
A035760,CJ오쇼핑
A206300,엠텍비젼
A246690,티에스인베스트먼트
A250730,KBSTAR 차이나H주(H)
A083450,GST
A053950,경남제약
A189540,씨티네트웍스
A007820,에스엠코어
A016710,대성홀딩스
A083550,케이엠
A144740,피엠디아카데미
